First_name,Last_name,email1,email2,phone
Hannah,Jordan,orci@nibhPhasellus.ca,orci@nibhPhasellus.ca,818-123-1234
Boris,Dieter,montes.nascetur@ultriciesornare.com,montes.nascetur@ultriciesornare.com,312-788-8373
Urielle,Beck,Curabitur.dictum@dapibusligula.org,Curabitur.dictum@dapibusligula.org,414-777-3210
Lawrence,Jelani,fringilla@IntegermollisInteger.ca,fringilla@IntegermollisInteger.ca,773-390-1540
Shelly,Azalia,diam@vestibulumMaurismagna.co.uk,diam@vestibulumMaurismagna.co.uk,323-897-4352
Kaye,Joel,vitae@cursusluctusipsum.ca,vitae@cursusluctusipsum.ca,773-872-0001
Hoyt,Savannah,Phasellus@sollicitudin.edu,Phasellus@sollicitudin.edu,416-684-2323
Chava,Sybill,Duis.a.mi@consequat.co.uk,Duis.a.mi@consequat.co.uk,563-999-0103
Ferdinand,Jessica,gravida.sit.amet@elementum.co.uk,gravida.sit.amet@elementum.co.uk,310-987-6789
